,id,uri,data,dataHoraRegistro,siglaOrgao,uriOrgao,uriEvento,proposicaoObjeto,uriProposicaoObjeto,descricao,aprovacao
0,564836-89,https://dadosabertos.camara.leg.br/api/v2/votacoes/564836-89,2022-08-05,2022-08-05T14:40:52,MESA,https://dadosabertos.camara.leg.br/api/v2/orgaos/4,,,,Deferido.,1.0
1,2333679-2,https://dadosabertos.camara.leg.br/api/v2/votacoes/2333679-2,2022-08-05,2022-08-05T12:11:05,CDHM,https://dadosabertos.camara.leg.br/api/v2/orgaos/2007,https://dadosabertos.camara.leg.br/api/v2/eventos/66299,REQ 93/2022 CDHM,https://dadosabertos.camara.leg.br/api/v2/proposicoes/2333679,Aprovado.,1.0
2,2332395-3,https://dadosabertos.camara.leg.br/api/v2/votacoes/2332395-3,2022-08-05,2022-08-05T12:11:05,CDHM,https://dadosabertos.camara.leg.br/api/v2/orgaos/2007,https://dadosabertos.camara.leg.br/api/v2/eventos/66299,REQ 90/2022 CDHM,https://dadosabertos.camara.leg.br/api/v2/proposicoes/2332395,Aprovado.,1.0
3,2332277-2,https://dadosabertos.camara.leg.br/api/v2/votacoes/2332277-2,2022-08-05,2022-08-05T12:11:05,CDHM,https://dadosabertos.camara.leg.br/api/v2/orgaos/2007,https://dadosabertos.camara.leg.br/api/v2/eventos/66299,REQ 89/2022 CDHM,https://dadosabertos.camara.leg.br/api/v2/proposicoes/2332277,Aprovado.,1.0
4,2331116-2,https://dadosabertos.camara.leg.br/api/v2/votacoes/2331116-2,2022-08-05,2022-08-05T12:11:05,CDHM,https://dadosabertos.camara.leg.br/api/v2/orgaos/2007,https://dadosabertos.camara.leg.br/api/v2/eventos/66299,REQ 88/2022 CDHM,https://dadosabertos.camara.leg.br/api/v2/proposicoes/2331116,Aprovado.,1.0
5,2331115-2,https://dadosabertos.camara.leg.br/api/v2/votacoes/2331115-2,2022-08-05,2022-08-05T12:11:05,CDHM,https://dadosabertos.camara.leg.br/api/v2/orgaos/2007,https://dadosabertos.camara.leg.br/api/v2/eventos/66299,REQ 87/2022 CDHM,https://dadosabertos.camara.leg.br/api/v2/proposicoes/2331115,Aprovado.,1.0
6,2330756-2,https://dadosabertos.camara.leg.br/api/v2/votacoes/2330756-2,2022-08-05,2022-08-05T12:11:05,CDHM,https://dadosabertos.camara.leg.br/api/v2/orgaos/2007,https://dadosabertos.camara.leg.br/api/v2/eventos/66299,REQ 86/2022 CDHM,https://dadosabertos.camara.leg.br/api/v2/proposicoes/2330756,Aprovado.,1.0
7,2330364-2,https://dadosabertos.camara.leg.br/api/v2/votacoes/2330364-2,2022-08-05,2022-08-05T12:11:05,CDHM,https://dadosabertos.camara.leg.br/api/v2/orgaos/2007,https://dadosabertos.camara.leg.br/api/v2/eventos/66299,REQ 85/2022 CDHM,https://dadosabertos.camara.leg.br/api/v2/proposicoes/2330364,Aprovado.,1.0
8,2330363-2,https://dadosabertos.camara.leg.br/api/v2/votacoes/2330363-2,2022-08-05,2022-08-05T12:11:04,CDHM,https://dadosabertos.camara.leg.br/api/v2/orgaos/2007,https://dadosabertos.camara.leg.br/api/v2/eventos/66299,REQ 84/2022 CDHM,https://dadosabertos.camara.leg.br/api/v2/proposicoes/2330363,Aprovado.,1.0
9,2330182-2,https://dadosabertos.camara.leg.br/api/v2/votacoes/2330182-2,2022-08-05,2022-08-05T12:11:04,CDHM,https://dadosabertos.camara.leg.br/api/v2/orgaos/2007,https://dadosabertos.camara.leg.br/api/v2/eventos/66299,REQ 82/2022 CDHM,https://dadosabertos.camara.leg.br/api/v2/proposicoes/2330182,Aprovado.,1.0
10,2329692-2,https://dadosabertos.camara.leg.br/api/v2/votacoes/2329692-2,2022-08-05,2022-08-05T12:11:04,CDHM,https://dadosabertos.camara.leg.br/api/v2/orgaos/2007,https://dadosabertos.camara.leg.br/api/v2/eventos/66299,REQ 78/2022 CDHM,https://dadosabertos.camara.leg.br/api/v2/proposicoes/2329692,Aprovado.,1.0
11,2328833-3,https://dadosabertos.camara.leg.br/api/v2/votacoes/2328833-3,2022-08-05,2022-08-05T12:11:04,CDHM,https://dadosabertos.camara.leg.br/api/v2/orgaos/2007,https://dadosabertos.camara.leg.br/api/v2/eventos/66299,REQ 75/2022 CDHM,https://dadosabertos.camara.leg.br/api/v2/proposicoes/2328833,Aprovado.,1.0
12,2328674-3,https://dadosabertos.camara.leg.br/api/v2/votacoes/2328674-3,2022-08-05,2022-08-05T12:11:04,CDHM,https://dadosabertos.camara.leg.br/api/v2/orgaos/2007,https://dadosabertos.camara.leg.br/api/v2/eventos/66299,REQ 74/2022 CDHM,https://dadosabertos.camara.leg.br/api/v2/proposicoes/2328674,Aprovado.,1.0
13,2327225-3,https://dadosabertos.camara.leg.br/api/v2/votacoes/2327225-3,2022-08-05,2022-08-05T12:11:04,CDHM,https://dadosabertos.camara.leg.br/api/v2/orgaos/2007,https://dadosabertos.camara.leg.br/api/v2/eventos/66299,REQ 73/2022 CDHM,https://dadosabertos.camara.leg.br/api/v2/proposicoes/2327225,Aprovado.,1.0
14,2326023-2,https://dadosabertos.camara.leg.br/api/v2/votacoes/2326023-2,2022-08-05,2022-08-05T12:11:03,CDHM,https://dadosabertos.camara.leg.br/api/v2/orgaos/2007,https://dadosabertos.camara.leg.br/api/v2/eventos/66299,REQ 62/2022 CDHM,https://dadosabertos.camara.leg.br/api/v2/proposicoes/2326023,Aprovado.,1.0
15,496224-132,https://dadosabertos.camara.leg.br/api/v2/votacoes/496224-132,2022-08-04,2022-08-05T11:15:25,CCJC,https://dadosabertos.camara.leg.br/api/v2/orgaos/2003,https://dadosabertos.camara.leg.br/api/v2/eventos/66284,,,Aprovada a Redação Final. Apresentaram declarações de voto as Deputadas Fernanda Melchionna e Sâmia Bomfim.,1.0
16,2330733-18,https://dadosabertos.camara.leg.br/api/v2/votacoes/2330733-18,2022-08-04,2022-08-04T17:47:55,CCJC,https://dadosabertos.camara.leg.br/api/v2/orgaos/2003,https://dadosabertos.camara.leg.br/api/v2/eventos/66284,,,Aprovado o Parecer.,1.0
17,2327053-18,https://dadosabertos.camara.leg.br/api/v2/votacoes/2327053-18,2022-08-04,2022-08-04T17:47:54,CCJC,https://dadosabertos.camara.leg.br/api/v2/orgaos/2003,https://dadosabertos.camara.leg.br/api/v2/eventos/66284,,,Aprovado o Parecer.,1.0
18,2327041-18,https://dadosabertos.camara.leg.br/api/v2/votacoes/2327041-18,2022-08-04,2022-08-04T17:47:54,CCJC,https://dadosabertos.camara.leg.br/api/v2/orgaos/2003,https://dadosabertos.camara.leg.br/api/v2/eventos/66284,,,Aprovado o Parecer.,1.0
19,2326230-18,https://dadosabertos.camara.leg.br/api/v2/votacoes/2326230-18,2022-08-04,2022-08-04T17:47:54,CCJC,https://dadosabertos.camara.leg.br/api/v2/orgaos/2003,https://dadosabertos.camara.leg.br/api/v2/eventos/66284,,,Aprovado o Parecer.,1.0
20,2326226-18,https://dadosabertos.camara.leg.br/api/v2/votacoes/2326226-18,2022-08-04,2022-08-04T17:47:54,CCJC,https://dadosabertos.camara.leg.br/api/v2/orgaos/2003,https://dadosabertos.camara.leg.br/api/v2/eventos/66284,,,Aprovado o Parecer.,1.0
21,2326224-18,https://dadosabertos.camara.leg.br/api/v2/votacoes/2326224-18,2022-08-04,2022-08-04T17:47:54,CCJC,https://dadosabertos.camara.leg.br/api/v2/orgaos/2003,https://dadosabertos.camara.leg.br/api/v2/eventos/66284,,,Aprovado o Parecer.,1.0
22,2326214-18,https://dadosabertos.camara.leg.br/api/v2/votacoes/2326214-18,2022-08-04,2022-08-04T17:47:54,CCJC,https://dadosabertos.camara.leg.br/api/v2/orgaos/2003,https://dadosabertos.camara.leg.br/api/v2/eventos/66284,,,Aprovado o Parecer.,1.0
23,2326158-18,https://dadosabertos.camara.leg.br/api/v2/votacoes/2326158-18,2022-08-04,2022-08-04T17:47:54,CCJC,https://dadosabertos.camara.leg.br/api/v2/orgaos/2003,https://dadosabertos.camara.leg.br/api/v2/eventos/66284,,,Aprovado o Parecer.,1.0
24,2307267-20,https://dadosabertos.camara.leg.br/api/v2/votacoes/2307267-20,2022-08-04,2022-08-04T17:47:54,CCJC,https://dadosabertos.camara.leg.br/api/v2/orgaos/2003,https://dadosabertos.camara.leg.br/api/v2/eventos/66284,,,Aprovado o Parecer.,1.0
25,2307259-20,https://dadosabertos.camara.leg.br/api/v2/votacoes/2307259-20,2022-08-04,2022-08-04T17:47:54,CCJC,https://dadosabertos.camara.leg.br/api/v2/orgaos/2003,https://dadosabertos.camara.leg.br/api/v2/eventos/66284,,,Aprovado o Parecer.,1.0
26,2307236-18,https://dadosabertos.camara.leg.br/api/v2/votacoes/2307236-18,2022-08-04,2022-08-04T17:47:53,CCJC,https://dadosabertos.camara.leg.br/api/v2/orgaos/2003,https://dadosabertos.camara.leg.br/api/v2/eventos/66284,,,Aprovado o Parecer.,1.0
27,2305681-18,https://dadosabertos.camara.leg.br/api/v2/votacoes/2305681-18,2022-08-04,2022-08-04T17:47:53,CCJC,https://dadosabertos.camara.leg.br/api/v2/orgaos/2003,https://dadosabertos.camara.leg.br/api/v2/eventos/66284,,,Aprovado o Parecer.,1.0
28,2304662-20,https://dadosabertos.camara.leg.br/api/v2/votacoes/2304662-20,2022-08-04,2022-08-04T17:47:53,CCJC,https://dadosabertos.camara.leg.br/api/v2/orgaos/2003,https://dadosabertos.camara.leg.br/api/v2/eventos/66284,,,Aprovado o Parecer.,1.0
29,2300998-18,https://dadosabertos.camara.leg.br/api/v2/votacoes/2300998-18,2022-08-04,2022-08-04T17:47:53,CCJC,https://dadosabertos.camara.leg.br/api/v2/orgaos/2003,https://dadosabertos.camara.leg.br/api/v2/eventos/66284,,,Aprovado o Parecer.,1.0
30,2298751-18,https://dadosabertos.camara.leg.br/api/v2/votacoes/2298751-18,2022-08-04,2022-08-04T17:47:53,CCJC,https://dadosabertos.camara.leg.br/api/v2/orgaos/2003,https://dadosabertos.camara.leg.br/api/v2/eventos/66284,,,Aprovado o Parecer.,1.0
31,2297188-18,https://dadosabertos.camara.leg.br/api/v2/votacoes/2297188-18,2022-08-04,2022-08-04T17:47:53,CCJC,https://dadosabertos.camara.leg.br/api/v2/orgaos/2003,https://dadosabertos.camara.leg.br/api/v2/eventos/66284,,,Aprovado o Parecer.,1.0
32,2294816-18,https://dadosabertos.camara.leg.br/api/v2/votacoes/2294816-18,2022-08-04,2022-08-04T17:47:32,CCJC,https://dadosabertos.camara.leg.br/api/v2/orgaos/2003,https://dadosabertos.camara.leg.br/api/v2/eventos/66284,,,Aprovado o Parecer.,1.0
33,2291034-18,https://dadosabertos.camara.leg.br/api/v2/votacoes/2291034-18,2022-08-04,2022-08-04T17:47:18,CCJC,https://dadosabertos.camara.leg.br/api/v2/orgaos/2003,https://dadosabertos.camara.leg.br/api/v2/eventos/66284,,,Aprovado o Parecer.,1.0
34,2297512-41,https://dadosabertos.camara.leg.br/api/v2/votacoes/2297512-41,2022-08-04,2022-08-04T17:47:08,CCJC,https://dadosabertos.camara.leg.br/api/v2/orgaos/2003,https://dadosabertos.camara.leg.br/api/v2/eventos/66284,,,Aprovado o Parecer.,1.0
35,2284004-60,https://dadosabertos.camara.leg.br/api/v2/votacoes/2284004-60,2022-08-04,2022-08-04T17:46:58,CCJC,https://dadosabertos.camara.leg.br/api/v2/orgaos/2003,https://dadosabertos.camara.leg.br/api/v2/eventos/66284,,,Aprovado o Parecer.,1.0
36,2234538-93,https://dadosabertos.camara.leg.br/api/v2/votacoes/2234538-93,2022-08-04,2022-08-04T17:44:34,CCJC,https://dadosabertos.camara.leg.br/api/v2/orgaos/2003,https://dadosabertos.camara.leg.br/api/v2/eventos/66284,,,Aprovada a Redação Final.,1.0
37,2193793-69,https://dadosabertos.camara.leg.br/api/v2/votacoes/2193793-69,2022-08-04,2022-08-04T17:43:53,CCJC,https://dadosabertos.camara.leg.br/api/v2/orgaos/2003,https://dadosabertos.camara.leg.br/api/v2/eventos/66284,,,Aprovada a Redação Final.,1.0
38,2322414-36,https://dadosabertos.camara.leg.br/api/v2/votacoes/2322414-36,2022-08-04,2022-08-04T17:43:32,CCJC,https://dadosabertos.camara.leg.br/api/v2/orgaos/2003,https://dadosabertos.camara.leg.br/api/v2/eventos/66284,,,Aprovada a Redação Final.,1.0
39,2313445-34,https://dadosabertos.camara.leg.br/api/v2/votacoes/2313445-34,2022-08-04,2022-08-04T17:43:22,CCJC,https://dadosabertos.camara.leg.br/api/v2/orgaos/2003,https://dadosabertos.camara.leg.br/api/v2/eventos/66284,,,Aprovada a Redação Final.,1.0
40,2313441-34,https://dadosabertos.camara.leg.br/api/v2/votacoes/2313441-34,2022-08-04,2022-08-04T17:43:10,CCJC,https://dadosabertos.camara.leg.br/api/v2/orgaos/2003,https://dadosabertos.camara.leg.br/api/v2/eventos/66284,,,Aprovada a Redação Final.,1.0
41,2313439-36,https://dadosabertos.camara.leg.br/api/v2/votacoes/2313439-36,2022-08-04,2022-08-04T17:43:01,CCJC,https://dadosabertos.camara.leg.br/api/v2/orgaos/2003,https://dadosabertos.camara.leg.br/api/v2/eventos/66284,,,Aprovada a Redação Final.,1.0
42,2310130-33,https://dadosabertos.camara.leg.br/api/v2/votacoes/2310130-33,2022-08-04,2022-08-04T17:42:52,CCJC,https://dadosabertos.camara.leg.br/api/v2/orgaos/2003,https://dadosabertos.camara.leg.br/api/v2/eventos/66284,,,Aprovada a Redação Final.,1.0
43,2310128-35,https://dadosabertos.camara.leg.br/api/v2/votacoes/2310128-35,2022-08-04,2022-08-04T17:42:40,CCJC,https://dadosabertos.camara.leg.br/api/v2/orgaos/2003,https://dadosabertos.camara.leg.br/api/v2/eventos/66284,,,Aprovada a Redação Final.,1.0
44,2310127-33,https://dadosabertos.camara.leg.br/api/v2/votacoes/2310127-33,2022-08-04,2022-08-04T17:42:27,CCJC,https://dadosabertos.camara.leg.br/api/v2/orgaos/2003,https://dadosabertos.camara.leg.br/api/v2/eventos/66284,,,Aprovada a Redação Final.,1.0
45,2310124-35,https://dadosabertos.camara.leg.br/api/v2/votacoes/2310124-35,2022-08-04,2022-08-04T17:42:16,CCJC,https://dadosabertos.camara.leg.br/api/v2/orgaos/2003,https://dadosabertos.camara.leg.br/api/v2/eventos/66284,,,Aprovada a Redação Final.,1.0
46,2307733-34,https://dadosabertos.camara.leg.br/api/v2/votacoes/2307733-34,2022-08-04,2022-08-04T17:42:06,CCJC,https://dadosabertos.camara.leg.br/api/v2/orgaos/2003,https://dadosabertos.camara.leg.br/api/v2/eventos/66284,,,Aprovada a Redação Final.,1.0
47,2307726-34,https://dadosabertos.camara.leg.br/api/v2/votacoes/2307726-34,2022-08-04,2022-08-04T17:41:55,CCJC,https://dadosabertos.camara.leg.br/api/v2/orgaos/2003,https://dadosabertos.camara.leg.br/api/v2/eventos/66284,,,Aprovada a Redação Final.,1.0
48,2307273-34,https://dadosabertos.camara.leg.br/api/v2/votacoes/2307273-34,2022-08-04,2022-08-04T17:41:44,CCJC,https://dadosabertos.camara.leg.br/api/v2/orgaos/2003,https://dadosabertos.camara.leg.br/api/v2/eventos/66284,,,Aprovada a Redação Final.,1.0
49,2307261-34,https://dadosabertos.camara.leg.br/api/v2/votacoes/2307261-34,2022-08-04,2022-08-04T17:41:35,CCJC,https://dadosabertos.camara.leg.br/api/v2/orgaos/2003,https://dadosabertos.camara.leg.br/api/v2/eventos/66284,,,Aprovada a Redação Final.,1.0
50,2307252-34,https://dadosabertos.camara.leg.br/api/v2/votacoes/2307252-34,2022-08-04,2022-08-04T17:41:25,CCJC,https://dadosabertos.camara.leg.br/api/v2/orgaos/2003,https://dadosabertos.camara.leg.br/api/v2/eventos/66284,,,Aprovada a Redação Final.,1.0
51,2307244-34,https://dadosabertos.camara.leg.br/api/v2/votacoes/2307244-34,2022-08-04,2022-08-04T17:41:15,CCJC,https://dadosabertos.camara.leg.br/api/v2/orgaos/2003,https://dadosabertos.camara.leg.br/api/v2/eventos/66284,,,Aprovada a Redação Final.,1.0
52,2307239-34,https://dadosabertos.camara.leg.br/api/v2/votacoes/2307239-34,2022-08-04,2022-08-04T17:41:01,CCJC,https://dadosabertos.camara.leg.br/api/v2/orgaos/2003,https://dadosabertos.camara.leg.br/api/v2/eventos/66284,,,Aprovada a Redação Final.,1.0
53,2304680-34,https://dadosabertos.camara.leg.br/api/v2/votacoes/2304680-34,2022-08-04,2022-08-04T17:40:53,CCJC,https://dadosabertos.camara.leg.br/api/v2/orgaos/2003,https://dadosabertos.camara.leg.br/api/v2/eventos/66284,,,Aprovada a Redação Final.,1.0
54,2301021-34,https://dadosabertos.camara.leg.br/api/v2/votacoes/2301021-34,2022-08-04,2022-08-04T17:40:40,CCJC,https://dadosabertos.camara.leg.br/api/v2/orgaos/2003,https://dadosabertos.camara.leg.br/api/v2/eventos/66284,,,Aprovada a Redação Final.,1.0
55,2298746-34,https://dadosabertos.camara.leg.br/api/v2/votacoes/2298746-34,2022-08-04,2022-08-04T17:40:26,CCJC,https://dadosabertos.camara.leg.br/api/v2/orgaos/2003,https://dadosabertos.camara.leg.br/api/v2/eventos/66284,,,Aprovada a Redação Final.,1.0
56,2297177-34,https://dadosabertos.camara.leg.br/api/v2/votacoes/2297177-34,2022-08-04,2022-08-04T17:40:15,CCJC,https://dadosabertos.camara.leg.br/api/v2/orgaos/2003,https://dadosabertos.camara.leg.br/api/v2/eventos/66284,,,Aprovada a Redação Final.,1.0
57,2296130-36,https://dadosabertos.camara.leg.br/api/v2/votacoes/2296130-36,2022-08-04,2022-08-04T17:40:02,CCJC,https://dadosabertos.camara.leg.br/api/v2/orgaos/2003,https://dadosabertos.camara.leg.br/api/v2/eventos/66284,,,Aprovada a Redação Final.,1.0
58,2294815-36,https://dadosabertos.camara.leg.br/api/v2/votacoes/2294815-36,2022-08-04,2022-08-04T17:39:46,CCJC,https://dadosabertos.camara.leg.br/api/v2/orgaos/2003,https://dadosabertos.camara.leg.br/api/v2/eventos/66284,,,Aprovada a Redação Final.,1.0
59,2294762-38,https://dadosabertos.camara.leg.br/api/v2/votacoes/2294762-38,2022-08-04,2022-08-04T17:39:35,CCJC,https://dadosabertos.camara.leg.br/api/v2/orgaos/2003,https://dadosabertos.camara.leg.br/api/v2/eventos/66284,,,Aprovada a Redação Final.,1.0
60,2292407-34,https://dadosabertos.camara.leg.br/api/v2/votacoes/2292407-34,2022-08-04,2022-08-04T17:38:59,CCJC,https://dadosabertos.camara.leg.br/api/v2/orgaos/2003,https://dadosabertos.camara.leg.br/api/v2/eventos/66284,,,Aprovada a Redação Final.,1.0
61,2290089-34,https://dadosabertos.camara.leg.br/api/v2/votacoes/2290089-34,2022-08-04,2022-08-04T17:38:40,CCJC,https://dadosabertos.camara.leg.br/api/v2/orgaos/2003,https://dadosabertos.camara.leg.br/api/v2/eventos/66284,,,Aprovada a Redação Final.,1.0
62,2325151-29,https://dadosabertos.camara.leg.br/api/v2/votacoes/2325151-29,2022-08-04,2022-08-04T15:42:15,PLEN,https://dadosabertos.camara.leg.br/api/v2/orgaos/180,https://dadosabertos.camara.leg.br/api/v2/eventos/66296,,,"Aprovada a Redação Final, assinada pela Relatora, Dep. Dra. Soraya Manato (PTB-ES).",1.0
63,2325151-27,https://dadosabertos.camara.leg.br/api/v2/votacoes/2325151-27,2022-08-04,2022-08-04T15:40:29,PLEN,https://dadosabertos.camara.leg.br/api/v2/orgaos/180,https://dadosabertos.camara.leg.br/api/v2/eventos/66296,,,"Aprovado o Projeto de Lei nº 1.402, de 2022.",1.0
64,2325151-21,https://dadosabertos.camara.leg.br/api/v2/votacoes/2325151-21,2022-08-04,2022-08-04T15:36:55,SECAP(SGM),https://dadosabertos.camara.leg.br/api/v2/orgaos/100001,,,,"Realizar o encaminhamento do PL-1402/2022 à CCJC (tramitação simultânea), em razão da aprovação de requerimento de urgência.",1.0
65,2330141-7,https://dadosabertos.camara.leg.br/api/v2/votacoes/2330141-7,2022-08-04,2022-08-04T15:36:54,PLEN,https://dadosabertos.camara.leg.br/api/v2/orgaos/180,https://dadosabertos.camara.leg.br/api/v2/eventos/66296,REQ 1097/2022,https://dadosabertos.camara.leg.br/api/v2/proposicoes/2330141,"Aprovado, por unanimidade, o Requerimento de Urgência (Art. 155 do RICD).",1.0
66,2076094-90,https://dadosabertos.camara.leg.br/api/v2/votacoes/2076094-90,2022-08-04,2022-08-04T15:33:10,PLEN,https://dadosabertos.camara.leg.br/api/v2/orgaos/180,https://dadosabertos.camara.leg.br/api/v2/eventos/66296,,,"Aprovada a Redação Final assinada pelo Relator, Dep. Subtenente Gonzada (PSD-MG).",1.0
67,2076094-87,https://dadosabertos.camara.leg.br/api/v2/votacoes/2076094-87,2022-08-04,2022-08-04T15:32:32,PLEN,https://dadosabertos.camara.leg.br/api/v2/orgaos/180,https://dadosabertos.camara.leg.br/api/v2/eventos/66296,,,"Aprovada a Subemenda Substitutiva Global ao Projeto de Lei nº 4.229, de 2015, adotada pelo Relator da Comissão de Constituição e Justiça e de Cidadania, ressalvados os destaques.",1.0
68,2295012-48,https://dadosabertos.camara.leg.br/api/v2/votacoes/2295012-48,2022-08-04,2022-08-04T15:11:12,PLEN,https://dadosabertos.camara.leg.br/api/v2/orgaos/180,https://dadosabertos.camara.leg.br/api/v2/eventos/66296,,,"Aprovada a Redação Final, assinada pelo Relator, Dep. Luizão Goulart (Solidariedade-PR).",1.0
69,2295012-46,https://dadosabertos.camara.leg.br/api/v2/votacoes/2295012-46,2022-08-04,2022-08-04T15:10:49,PLEN,https://dadosabertos.camara.leg.br/api/v2/orgaos/180,https://dadosabertos.camara.leg.br/api/v2/eventos/66296,,,"Aprovado o Projeto de Decreto Legislativo nº 485, de 2021.",1.0
70,2262422-115,https://dadosabertos.camara.leg.br/api/v2/votacoes/2262422-115,2022-08-04,2022-08-04T15:01:10,PLEN,https://dadosabertos.camara.leg.br/api/v2/orgaos/180,https://dadosabertos.camara.leg.br/api/v2/eventos/66296,,,"Aprovada a Subemenda Substitutiva Global ao Projeto de Lei nº 4.513, de 2020, adotada pelo Relator da Comissão de Educação, ressalvados os destaques.",1.0
71,2262422-112,https://dadosabertos.camara.leg.br/api/v2/votacoes/2262422-112,2022-08-04,2022-08-04T14:54:44,PLEN,https://dadosabertos.camara.leg.br/api/v2/orgaos/180,https://dadosabertos.camara.leg.br/api/v2/eventos/66296,,,"Aprovada a Redação Final assinada pelo Relator, Dep. Professor Israel Batista (PSB-DF).",1.0
72,2262422-110,https://dadosabertos.camara.leg.br/api/v2/votacoes/2262422-110,2022-08-04,2022-08-04T14:53:59,PLEN,https://dadosabertos.camara.leg.br/api/v2/orgaos/180,https://dadosabertos.camara.leg.br/api/v2/eventos/66296,,,Rejeitada a Emenda de Plenário nº 8.,0.0
73,2299263-61,https://dadosabertos.camara.leg.br/api/v2/votacoes/2299263-61,2022-08-04,2022-08-04T14:27:01,PLEN,https://dadosabertos.camara.leg.br/api/v2/orgaos/180,https://dadosabertos.camara.leg.br/api/v2/eventos/66296,,,"Aprovada a Redação Final assinada pelo relator, Dep. Vinícius Carvalho (Republicanos-SP).",1.0
74,2299263-59,https://dadosabertos.camara.leg.br/api/v2/votacoes/2299263-59,2022-08-04,2022-08-04T14:26:24,PLEN,https://dadosabertos.camara.leg.br/api/v2/orgaos/180,https://dadosabertos.camara.leg.br/api/v2/eventos/66296,,,Rejeitada a Emenda de Plenário nº 1.,0.0
75,2299263-54,https://dadosabertos.camara.leg.br/api/v2/votacoes/2299263-54,2022-08-04,2022-08-04T14:19:31,PLEN,https://dadosabertos.camara.leg.br/api/v2/orgaos/180,https://dadosabertos.camara.leg.br/api/v2/eventos/66296,,,"Aprovado o Substitutivo ao Projeto de Lei nº 3.212, de 2021, adotado pelo relator da Representação Brasileira no Parlamento do Mercosul, ressalvados os destaques.",1.0
76,105464-328,https://dadosabertos.camara.leg.br/api/v2/votacoes/105464-328,2022-08-04,2022-08-04T13:33:27,PLEN,https://dadosabertos.camara.leg.br/api/v2/orgaos/180,https://dadosabertos.camara.leg.br/api/v2/eventos/66296,,,"Aprovada a Redação Final assinada pelo Relator, Dep. Eduardo Cury (PSDB-SP).",1.0
77,105464-326,https://dadosabertos.camara.leg.br/api/v2/votacoes/105464-326,2022-08-04,2022-08-04T13:32:52,PLEN,https://dadosabertos.camara.leg.br/api/v2/orgaos/180,https://dadosabertos.camara.leg.br/api/v2/eventos/66296,,,Rejeitado a Emenda de Plenário nº 2. Sim: 94; não: 204; total: 298.,0.0
78,105464-319,https://dadosabertos.camara.leg.br/api/v2/votacoes/105464-319,2022-08-04,2022-08-04T13:21:48,PLEN,https://dadosabertos.camara.leg.br/api/v2/orgaos/180,https://dadosabertos.camara.leg.br/api/v2/eventos/66296,,,Rejeitado o Destaque. Sim: 122; não: 246; abstenção: 1; total: 369.,0.0
79,105464-312,https://dadosabertos.camara.leg.br/api/v2/votacoes/105464-312,2022-08-04,2022-08-04T12:59:47,PLEN,https://dadosabertos.camara.leg.br/api/v2/orgaos/180,https://dadosabertos.camara.leg.br/api/v2/eventos/66296,,,"Aprovado o Substitutivo ao Projeto de Lei 252, de 2003, adotado pelo relator da Comissão de Constituição e Justiça e de Cidadania, ressalvados os destaques.",1.0
80,2308800-24,https://dadosabertos.camara.leg.br/api/v2/votacoes/2308800-24,2022-08-04,2022-08-04T12:39:27,PLEN,https://dadosabertos.camara.leg.br/api/v2/orgaos/180,,,,Alteração do Regime de Tramitação desta proposição em virtude da Aprovação do REQ 509/2022.,1.0
81,2308800-23,https://dadosabertos.camara.leg.br/api/v2/votacoes/2308800-23,2022-08-04,2022-08-04T12:39:27,SECAP(SGM),https://dadosabertos.camara.leg.br/api/v2/orgaos/100001,,,,"Realizar o encaminhamento do PL-4168/2021 à CCJC (tramitação simultânea), em razão da aprovação de requerimento de urgência.",1.0
82,2308800-22,https://dadosabertos.camara.leg.br/api/v2/votacoes/2308800-22,2022-08-04,2022-08-04T12:39:27,PLEN,https://dadosabertos.camara.leg.br/api/v2/orgaos/180,,,,"Aprovado requerimento n. 509/2022 do Sr. Vinicius Carvalho que requer urgência para o Projeto de Lei nº 4.168, de 2021, que “Reconhece o Cristianismo como manifestação cultural”.",1.0
83,2319447-8,https://dadosabertos.camara.leg.br/api/v2/votacoes/2319447-8,2022-08-04,2022-08-04T12:39:25,PLEN,https://dadosabertos.camara.leg.br/api/v2/orgaos/180,https://dadosabertos.camara.leg.br/api/v2/eventos/66296,REQ 509/2022,https://dadosabertos.camara.leg.br/api/v2/proposicoes/2319447,Aprovado o Requerimento de Urgência (Art. 155 do RICD).,1.0
84,2293861-22,https://dadosabertos.camara.leg.br/api/v2/votacoes/2293861-22,2022-08-04,2022-08-04T12:33:39,SECAP(SGM),https://dadosabertos.camara.leg.br/api/v2/orgaos/100001,,,,"Realizar o encaminhamento do PL-2796/2021 à CCJC (tramitação simultânea), em razão da aprovação de requerimento de urgência.",1.0
85,2293861-21,https://dadosabertos.camara.leg.br/api/v2/votacoes/2293861-21,2022-08-04,2022-08-04T12:33:39,SECAP(SGM),https://dadosabertos.camara.leg.br/api/v2/orgaos/100001,,,,"Realizar o encaminhamento do PL-2796/2021 à CCTCI (tramitação simultânea), em razão da aprovação de requerimento de urgência.",1.0
86,2333466-9,https://dadosabertos.camara.leg.br/api/v2/votacoes/2333466-9,2022-08-04,2022-08-04T12:33:38,PLEN,https://dadosabertos.camara.leg.br/api/v2/orgaos/180,https://dadosabertos.camara.leg.br/api/v2/eventos/66296,REQ 1286/2022,https://dadosabertos.camara.leg.br/api/v2/proposicoes/2333466,Aprovado o Requerimento de Urgência (Art. 154 do RICD).,1.0
87,2331063-20,https://dadosabertos.camara.leg.br/api/v2/votacoes/2331063-20,2022-08-04,2022-08-04T11:54:59,SECAP(SGM),https://dadosabertos.camara.leg.br/api/v2/orgaos/100001,,,,"Realizar o encaminhamento do PRC-27/2022 à MESA (tramitação simultânea), em razão da aprovação de requerimento de urgência.",1.0
88,2333539-7,https://dadosabertos.camara.leg.br/api/v2/votacoes/2333539-7,2022-08-04,2022-08-04T11:54:58,PLEN,https://dadosabertos.camara.leg.br/api/v2/orgaos/180,https://dadosabertos.camara.leg.br/api/v2/eventos/66296,REQ 1288/2022,https://dadosabertos.camara.leg.br/api/v2/proposicoes/2333539,"Aprovado, por unanimidade, o Requerimento de Urgência (Art. 155 do RICD).",1.0
89,2330616-24,https://dadosabertos.camara.leg.br/api/v2/votacoes/2330616-24,2022-08-04,2022-08-04T11:45:35,SECAP(SGM),https://dadosabertos.camara.leg.br/api/v2/orgaos/100001,,,,"Realizar o encaminhamento do PL-1799/2022 à CMADS (tramitação simultânea), em razão da aprovação de requerimento de urgência.",1.0
90,2330616-23,https://dadosabertos.camara.leg.br/api/v2/votacoes/2330616-23,2022-08-04,2022-08-04T11:45:35,SECAP(SGM),https://dadosabertos.camara.leg.br/api/v2/orgaos/100001,,,,"Realizar o encaminhamento do PL-1799/2022 à CFT (tramitação simultânea), em razão da aprovação de requerimento de urgência.",1.0
91,2330616-22,https://dadosabertos.camara.leg.br/api/v2/votacoes/2330616-22,2022-08-04,2022-08-04T11:45:35,SECAP(SGM),https://dadosabertos.camara.leg.br/api/v2/orgaos/100001,,,,"Realizar o encaminhamento do PL-1799/2022 à CCJC (tramitação simultânea), em razão da aprovação de requerimento de urgência.",1.0
92,2330616-21,https://dadosabertos.camara.leg.br/api/v2/votacoes/2330616-21,2022-08-04,2022-08-04T11:45:35,SECAP(SGM),https://dadosabertos.camara.leg.br/api/v2/orgaos/100001,,,,"Realizar o encaminhamento do PL-1799/2022 à CAPADR (tramitação simultânea), em razão da aprovação de requerimento de urgência.",1.0
93,2331126-12,https://dadosabertos.camara.leg.br/api/v2/votacoes/2331126-12,2022-08-04,2022-08-04T11:45:34,PLEN,https://dadosabertos.camara.leg.br/api/v2/orgaos/180,https://dadosabertos.camara.leg.br/api/v2/eventos/66296,REQ 1140/2022,https://dadosabertos.camara.leg.br/api/v2/proposicoes/2331126,Aprovado o Requerimento de Urgência (Art. 155 do RICD).,1.0
94,2142621-63,https://dadosabertos.camara.leg.br/api/v2/votacoes/2142621-63,2022-08-02,2022-08-04T11:18:32,CTASP,https://dadosabertos.camara.leg.br/api/v2/orgaos/2015,https://dadosabertos.camara.leg.br/api/v2/eventos/66229,,,"Aprovado o Parecer, com Complementação de Voto, contra os votos dos Deputados Rogério Correia, Érika Kokay, Vicentinho e Mauro Nazif.",1.0
95,2313792-30,https://dadosabertos.camara.leg.br/api/v2/votacoes/2313792-30,2022-08-04,2022-08-04T11:03:05,PLEN,https://dadosabertos.camara.leg.br/api/v2/orgaos/180,,,,Alteração do Regime de Tramitação desta proposição em virtude da Aprovação do REQ 1126/2022.,1.0
96,2313792-29,https://dadosabertos.camara.leg.br/api/v2/votacoes/2313792-29,2022-08-04,2022-08-04T11:03:05,SECAP(SGM),https://dadosabertos.camara.leg.br/api/v2/orgaos/100001,,,,"Realizar o encaminhamento do PL-13/2022 à CMADS (tramitação simultânea), em razão da aprovação de requerimento de urgência.",1.0
97,2313792-28,https://dadosabertos.camara.leg.br/api/v2/votacoes/2313792-28,2022-08-04,2022-08-04T11:03:04,SECAP(SGM),https://dadosabertos.camara.leg.br/api/v2/orgaos/100001,,,,"Realizar o encaminhamento do PL-13/2022 à CVT (tramitação simultânea), em razão da aprovação de requerimento de urgência.",1.0
98,2313792-27,https://dadosabertos.camara.leg.br/api/v2/votacoes/2313792-27,2022-08-04,2022-08-04T11:03:04,SECAP(SGM),https://dadosabertos.camara.leg.br/api/v2/orgaos/100001,,,,"Realizar o encaminhamento do PL-13/2022 à CCJC (tramitação simultânea), em razão da aprovação de requerimento de urgência.",1.0
99,2330742-13,https://dadosabertos.camara.leg.br/api/v2/votacoes/2330742-13,2022-08-04,2022-08-04T11:03:02,PLEN,https://dadosabertos.camara.leg.br/api/v2/orgaos/180,https://dadosabertos.camara.leg.br/api/v2/eventos/66296,REQ 1126/2022,https://dadosabertos.camara.leg.br/api/v2/proposicoes/2330742,Aprovado o Requerimento de Urgência (Art. 155 do RICD).,1.0
100,33550-264,https://dadosabertos.camara.leg.br/api/v2/votacoes/33550-264,2022-08-04,2022-08-04T11:01:12,PLEN,https://dadosabertos.camara.leg.br/api/v2/orgaos/180,https://dadosabertos.camara.leg.br/api/v2/eventos/66296,,,"Aprovada a Redação Final assinada pela Relatora, Dep. Soraya Santos (PL-RJ).",1.0
101,33550-262,https://dadosabertos.camara.leg.br/api/v2/votacoes/33550-262,2022-08-04,2022-08-04T10:59:56,PLEN,https://dadosabertos.camara.leg.br/api/v2/orgaos/180,https://dadosabertos.camara.leg.br/api/v2/eventos/66296,,,"Aprovada a Subemenda Substitutiva Global ao Projeto de Resolução nº 190, de 2001, adotada pela Relatora da Mesa Diretora da Câmara dos Deputados, ressalvados os destaques.",1.0
102,2331393-3,https://dadosabertos.camara.leg.br/api/v2/votacoes/2331393-3,2022-08-04,2022-08-04T10:13:18,CCJC,https://dadosabertos.camara.leg.br/api/v2/orgaos/2003,https://dadosabertos.camara.leg.br/api/v2/eventos/66284,REQ 29/2022 CCJC,https://dadosabertos.camara.leg.br/api/v2/proposicoes/2331393,Aprovado.,1.0
103,2331119-2,https://dadosabertos.camara.leg.br/api/v2/votacoes/2331119-2,2022-08-04,2022-08-04T10:13:18,CCJC,https://dadosabertos.camara.leg.br/api/v2/orgaos/2003,https://dadosabertos.camara.leg.br/api/v2/eventos/66284,REQ 27/2022 CCJC,https://dadosabertos.camara.leg.br/api/v2/proposicoes/2331119,Aprovado.,1.0
104,2333128-3,https://dadosabertos.camara.leg.br/api/v2/votacoes/2333128-3,2022-08-03,2022-08-03T19:52:38,CESPO,https://dadosabertos.camara.leg.br/api/v2/orgaos/537236,https://dadosabertos.camara.leg.br/api/v2/eventos/66265,REQ 35/2022 CESPO,https://dadosabertos.camara.leg.br/api/v2/proposicoes/2333128,Aprovado. O Requerimento foi subscrito pelo Deputado José Rocha.,1.0
105,2332308-3,https://dadosabertos.camara.leg.br/api/v2/votacoes/2332308-3,2022-08-03,2022-08-03T19:49:17,CESPO,https://dadosabertos.camara.leg.br/api/v2/orgaos/537236,https://dadosabertos.camara.leg.br/api/v2/eventos/66265,REQ 34/2022 CESPO,https://dadosabertos.camara.leg.br/api/v2/proposicoes/2332308,Aprovado. O Requerimento foi subscrito pelos Deputados José Rocha e Delegado Pablo.,1.0
106,2332036-3,https://dadosabertos.camara.leg.br/api/v2/votacoes/2332036-3,2022-08-03,2022-08-03T19:47:33,CESPO,https://dadosabertos.camara.leg.br/api/v2/orgaos/537236,https://dadosabertos.camara.leg.br/api/v2/eventos/66265,REQ 33/2022 CESPO,https://dadosabertos.camara.leg.br/api/v2/proposicoes/2332036,Aprovado. O Requerimento foi subscrito pelo Deputado José Rocha.,1.0
107,2332035-3,https://dadosabertos.camara.leg.br/api/v2/votacoes/2332035-3,2022-08-03,2022-08-03T19:46:32,CESPO,https://dadosabertos.camara.leg.br/api/v2/orgaos/537236,https://dadosabertos.camara.leg.br/api/v2/eventos/66265,REQ 32/2022 CESPO,https://dadosabertos.camara.leg.br/api/v2/proposicoes/2332035,Aprovado. O Requerimento foi subscrito pelo Deputado Delegado Pablo.,1.0
108,2331140-4,https://dadosabertos.camara.leg.br/api/v2/votacoes/2331140-4,2022-08-03,2022-08-03T19:44:43,CESPO,https://dadosabertos.camara.leg.br/api/v2/orgaos/537236,https://dadosabertos.camara.leg.br/api/v2/eventos/66265,REQ 30/2022 CESPO,https://dadosabertos.camara.leg.br/api/v2/proposicoes/2331140,Aprovado. O Requerimento foi subscrito pelos Deputados José Rocha e Delegado Pablo.,1.0
109,2311923-40,https://dadosabertos.camara.leg.br/api/v2/votacoes/2311923-40,2022-08-03,2022-08-03T19:21:34,SECAP(SGM),https://dadosabertos.camara.leg.br/api/v2/orgaos/100001,,,,"Realizar o encaminhamento do PL-4391/2021 à CCJC (tramitação simultânea), em razão da aprovação de requerimento de urgência.",1.0
110,2320493-8,https://dadosabertos.camara.leg.br/api/v2/votacoes/2320493-8,2022-08-03,2022-08-03T19:21:33,PLEN,https://dadosabertos.camara.leg.br/api/v2/orgaos/180,https://dadosabertos.camara.leg.br/api/v2/eventos/66282,REQ 630/2022,https://dadosabertos.camara.leg.br/api/v2/proposicoes/2320493,Aprovado o Requerimento de Urgência (Art. 155 do RICD).,1.0
111,2265995-62,https://dadosabertos.camara.leg.br/api/v2/votacoes/2265995-62,2022-08-03,2022-08-03T19:14:13,PLEN,https://dadosabertos.camara.leg.br/api/v2/orgaos/180,https://dadosabertos.camara.leg.br/api/v2/eventos/66282,,,"Aprovada a Redação Final assinada pelo Relator, Dep. Neucimar Fraga (PP-ES).",1.0
112,2265995-59,https://dadosabertos.camara.leg.br/api/v2/votacoes/2265995-59,2022-08-03,2022-08-03T19:11:29,PLEN,https://dadosabertos.camara.leg.br/api/v2/orgaos/180,https://dadosabertos.camara.leg.br/api/v2/eventos/66282,,,"Aprovada a Subemenda Substitutiva Global ao Projeto de Lei nº 5.365, de 2020, adotada pelo Relator da Comissão de Constituição e Justiça e de Cidadania.",1.0
113,2332541-36,https://dadosabertos.camara.leg.br/api/v2/votacoes/2332541-36,2022-08-03,2022-08-03T18:45:45,PLEN,https://dadosabertos.camara.leg.br/api/v2/orgaos/180,https://dadosabertos.camara.leg.br/api/v2/eventos/66282,,,"Aprovada a Redação Final assinada pelo Relator, Dep. Hiran Gonçalves (PP-RR).",1.0
114,2332541-34,https://dadosabertos.camara.leg.br/api/v2/votacoes/2332541-34,2022-08-03,2022-08-03T18:45:05,PLEN,https://dadosabertos.camara.leg.br/api/v2/orgaos/180,https://dadosabertos.camara.leg.br/api/v2/eventos/66282,,,"Aprovado o Substitutivo ao Projeto de Lei nº 2.033, de 2022, adotado pelo relator da Comissão de Seguridade Social e Família.",1.0
115,2169399-11,https://dadosabertos.camara.leg.br/api/v2/votacoes/2169399-11,2022-08-03,2022-08-03T18:42:55,PLEN,https://dadosabertos.camara.leg.br/api/v2/orgaos/180,https://dadosabertos.camara.leg.br/api/v2/eventos/66282,REQ 8268/2018 => PL 3553/2015,https://dadosabertos.camara.leg.br/api/v2/proposicoes/2169399,"Aprovado, por unanimidade, o Requerimento de Urgência (Art. 155 do RICD).",1.0
116,596844-118,https://dadosabertos.camara.leg.br/api/v2/votacoes/596844-118,2022-08-03,2022-08-03T18:39:35,PLEN,https://dadosabertos.camara.leg.br/api/v2/orgaos/180,https://dadosabertos.camara.leg.br/api/v2/eventos/66282,,,"Aprovada a Redação Final assinada pelo Relator, Dep. Capitão Derrite (PL-SP).",1.0
117,596844-116,https://dadosabertos.camara.leg.br/api/v2/votacoes/596844-116,2022-08-03,2022-08-03T18:38:56,PLEN,https://dadosabertos.camara.leg.br/api/v2/orgaos/180,https://dadosabertos.camara.leg.br/api/v2/eventos/66282,,,"Aprovado o Substitutivo ao Projeto de Lei 583, de 2011, apensado, adotado pelo relator da Comissão de Constituição e Justiça e de Cidadania. Sim: 311; não: 98; abstenção: 1; total: 410.",1.0
118,2239098-71,https://dadosabertos.camara.leg.br/api/v2/votacoes/2239098-71,2022-08-03,2022-08-03T16:52:53,PLEN,https://dadosabertos.camara.leg.br/api/v2/orgaos/180,https://dadosabertos.camara.leg.br/api/v2/eventos/66282,,,"Aprovada a Redação Final assinada pelo Relator, Dep. Sanderson (PL-RS).",1.0
119,2239098-68,https://dadosabertos.camara.leg.br/api/v2/votacoes/2239098-68,2022-08-03,2022-08-03T16:50:33,PLEN,https://dadosabertos.camara.leg.br/api/v2/orgaos/180,https://dadosabertos.camara.leg.br/api/v2/eventos/66282,,,"Aprovado o Substitutivo ao Projeto de Lei nº 643, de 2020, da Comissão de Constituição e Justiça e de Cidadania, ressalvados os destaques. Sim: 408; não: 9; total: 417.",1.0
120,2076094-72,https://dadosabertos.camara.leg.br/api/v2/votacoes/2076094-72,2022-08-03,2022-08-03T16:05:26,PLEN,https://dadosabertos.camara.leg.br/api/v2/orgaos/180,,,,"Alteração do Regime de Tramitação desta proposição em virtude da alteração do regime do PL 224/2021, por ter sido aprovado o REQ 1246/2022 que está apensado ao primeiro.",1.0
121,2332925-9,https://dadosabertos.camara.leg.br/api/v2/votacoes/2332925-9,2022-08-03,2022-08-03T16:05:25,PLEN,https://dadosabertos.camara.leg.br/api/v2/orgaos/180,https://dadosabertos.camara.leg.br/api/v2/eventos/66282,REQ 1246/2022,https://dadosabertos.camara.leg.br/api/v2/proposicoes/2332925,"Aprovado, por unanimidade, o Requerimento de Urgência (Art. 155 do RICD).",1.0
122,2331413-27,https://dadosabertos.camara.leg.br/api/v2/votacoes/2331413-27,2022-08-03,2022-08-03T15:52:02,PLEN,https://dadosabertos.camara.leg.br/api/v2/orgaos/180,,,,Alteração do Regime de Tramitação desta proposição em virtude da Aprovação do REQ 1284/2022.,1.0
123,2331413-26,https://dadosabertos.camara.leg.br/api/v2/votacoes/2331413-26,2022-08-03,2022-08-03T15:52:02,SECAP(SGM),https://dadosabertos.camara.leg.br/api/v2/orgaos/100001,,,,"Realizar o encaminhamento do PL-1906/2022 à CMULHER (tramitação simultânea), em razão da aprovação de requerimento de urgência.",1.0
124,2331413-25,https://dadosabertos.camara.leg.br/api/v2/votacoes/2331413-25,2022-08-03,2022-08-03T15:52:02,SECAP(SGM),https://dadosabertos.camara.leg.br/api/v2/orgaos/100001,,,,"Realizar o encaminhamento do PL-1906/2022 à CSPCCO (tramitação simultânea), em razão da aprovação de requerimento de urgência.",1.0
125,2331413-24,https://dadosabertos.camara.leg.br/api/v2/votacoes/2331413-24,2022-08-03,2022-08-03T15:52:01,SECAP(SGM),https://dadosabertos.camara.leg.br/api/v2/orgaos/100001,,,,"Realizar o encaminhamento do PL-1906/2022 à CE (tramitação simultânea), em razão da aprovação de requerimento de urgência.",1.0
126,2331413-23,https://dadosabertos.camara.leg.br/api/v2/votacoes/2331413-23,2022-08-03,2022-08-03T15:52:01,SECAP(SGM),https://dadosabertos.camara.leg.br/api/v2/orgaos/100001,,,,"Realizar o encaminhamento do PL-1906/2022 à CCJC (tramitação simultânea), em razão da aprovação de requerimento de urgência.",1.0
127,2331413-22,https://dadosabertos.camara.leg.br/api/v2/votacoes/2331413-22,2022-08-03,2022-08-03T15:52:01,SECAP(SGM),https://dadosabertos.camara.leg.br/api/v2/orgaos/100001,,,,"Realizar o encaminhamento do PL-1906/2022 à CCJC (tramitação simultânea), em razão da aprovação de requerimento de urgência.",1.0
128,2333445-8,https://dadosabertos.camara.leg.br/api/v2/votacoes/2333445-8,2022-08-03,2022-08-03T15:52:00,PLEN,https://dadosabertos.camara.leg.br/api/v2/orgaos/180,https://dadosabertos.camara.leg.br/api/v2/eventos/66282,REQ 1284/2022,https://dadosabertos.camara.leg.br/api/v2/proposicoes/2333445,"Aprovado, por unanimidade, o Requerimento de Urgência (Art. 155 do RICD).",1.0
129,2325355-13,https://dadosabertos.camara.leg.br/api/v2/votacoes/2325355-13,2022-08-03,2022-08-03T15:37:31,PLEN,https://dadosabertos.camara.leg.br/api/v2/orgaos/180,https://dadosabertos.camara.leg.br/api/v2/eventos/66282,REQ 927/2022,https://dadosabertos.camara.leg.br/api/v2/proposicoes/2325355,Rejeitado o Requerimento de Urgência (Art. 155 do RICD). Sim: 225; não: 222; abstenção: 1; total:448 .,0.0
130,2318736-87,https://dadosabertos.camara.leg.br/api/v2/votacoes/2318736-87,2022-08-03,2022-08-03T14:26:13,PLEN,https://dadosabertos.camara.leg.br/api/v2/orgaos/180,https://dadosabertos.camara.leg.br/api/v2/eventos/66282,,,"Aprovada a Redação Final assinada pelo Relator, Dep. Paulinho da Força (SOLIDARIEDADE-SP).",1.0
131,2332541-16,https://dadosabertos.camara.leg.br/api/v2/votacoes/2332541-16,2022-08-03,2022-08-03T14:22:05,SECAP(SGM),https://dadosabertos.camara.leg.br/api/v2/orgaos/100001,,,,"Realizar o encaminhamento do PL-2033/2022 à CSSF (tramitação simultânea), em razão da aprovação de requerimento de urgência.",1.0
132,2332541-15,https://dadosabertos.camara.leg.br/api/v2/votacoes/2332541-15,2022-08-03,2022-08-03T14:22:05,SECAP(SGM),https://dadosabertos.camara.leg.br/api/v2/orgaos/100001,,,,"Realizar o encaminhamento do PL-2033/2022 à CDC (tramitação simultânea), em razão da aprovação de requerimento de urgência.",1.0
133,2332541-14,https://dadosabertos.camara.leg.br/api/v2/votacoes/2332541-14,2022-08-03,2022-08-03T14:22:05,SECAP(SGM),https://dadosabertos.camara.leg.br/api/v2/orgaos/100001,,,,"Realizar o encaminhamento do PL-2033/2022 à CCJC (tramitação simultânea), em razão da aprovação de requerimento de urgência.",1.0
134,2333434-7,https://dadosabertos.camara.leg.br/api/v2/votacoes/2333434-7,2022-08-03,2022-08-03T14:22:04,PLEN,https://dadosabertos.camara.leg.br/api/v2/orgaos/180,https://dadosabertos.camara.leg.br/api/v2/eventos/66282,REQ 1282/2022,https://dadosabertos.camara.leg.br/api/v2/proposicoes/2333434,Aprovado o Requerimento de Urgência (Art. 155 do RICD).,1.0
135,2318736-85,https://dadosabertos.camara.leg.br/api/v2/votacoes/2318736-85,2022-08-03,2022-08-03T14:20:55,PLEN,https://dadosabertos.camara.leg.br/api/v2/orgaos/180,https://dadosabertos.camara.leg.br/api/v2/eventos/66282,,,Rejeitada a Emenda de Comissão nº 59. Sim: 163; não: 207; total: 370.,0.0
136,2318736-82,https://dadosabertos.camara.leg.br/api/v2/votacoes/2318736-82,2022-08-03,2022-08-03T14:11:29,PLEN,https://dadosabertos.camara.leg.br/api/v2/orgaos/180,https://dadosabertos.camara.leg.br/api/v2/eventos/66282,,,Mantido o texto. Sim: 264; não: 124; total: 388.,
137,2318736-79,https://dadosabertos.camara.leg.br/api/v2/votacoes/2318736-79,2022-08-03,2022-08-03T13:58:42,PLEN,https://dadosabertos.camara.leg.br/api/v2/orgaos/180,https://dadosabertos.camara.leg.br/api/v2/eventos/66282,,,Rejeitada a Emenda de Comissão nº 51. Sim: 120; não: 261; total: 381.,0.0
138,2318736-77,https://dadosabertos.camara.leg.br/api/v2/votacoes/2318736-77,2022-08-03,2022-08-03T13:50:41,PLEN,https://dadosabertos.camara.leg.br/api/v2/orgaos/180,https://dadosabertos.camara.leg.br/api/v2/eventos/66282,,,Rejeitado o Destaque 19. Sim: 138; não: 270; total: 408.,0.0
139,2318736-74,https://dadosabertos.camara.leg.br/api/v2/votacoes/2318736-74,2022-08-03,2022-08-03T13:40:34,PLEN,https://dadosabertos.camara.leg.br/api/v2/orgaos/180,https://dadosabertos.camara.leg.br/api/v2/eventos/66282,,,Rejeitada a Emenda de Comissão nº 133. Sim: 120; não: 263; total: 383.,0.0
140,2318736-71,https://dadosabertos.camara.leg.br/api/v2/votacoes/2318736-71,2022-08-03,2022-08-03T13:26:58,PLEN,https://dadosabertos.camara.leg.br/api/v2/orgaos/180,https://dadosabertos.camara.leg.br/api/v2/eventos/66282,,,Rejeitada a Emenda de Plenário nº 2. Sim: 130; não: 263; total: 393.,0.0
141,2318736-70,https://dadosabertos.camara.leg.br/api/v2/votacoes/2318736-70,2022-08-03,2022-08-03T13:16:15,PLEN,https://dadosabertos.camara.leg.br/api/v2/orgaos/180,https://dadosabertos.camara.leg.br/api/v2/eventos/66282,,,Mantido o texto. Sim: 237; não: 115; total: 352.,
142,2318736-67,https://dadosabertos.camara.leg.br/api/v2/votacoes/2318736-67,2022-08-03,2022-08-03T13:07:19,PLEN,https://dadosabertos.camara.leg.br/api/v2/orgaos/180,https://dadosabertos.camara.leg.br/api/v2/eventos/66282,,,Rejeitada a Emenda de Comissão n° 22. Sim: 36; não: 302; total: 338.,0.0
143,2318736-62,https://dadosabertos.camara.leg.br/api/v2/votacoes/2318736-62,2022-08-03,2022-08-03T12:59:05,PLEN,https://dadosabertos.camara.leg.br/api/v2/orgaos/180,https://dadosabertos.camara.leg.br/api/v2/eventos/66282,,,Mantido o texto. Sim: 331; não: 94; total: 425.,
144,2318736-57,https://dadosabertos.camara.leg.br/api/v2/votacoes/2318736-57,2022-08-03,2022-08-03T12:33:37,PLEN,https://dadosabertos.camara.leg.br/api/v2/orgaos/180,https://dadosabertos.camara.leg.br/api/v2/eventos/66282,,,Mantido o texto. Sim: 234; não: 108; total: 342.,
145,2318736-54,https://dadosabertos.camara.leg.br/api/v2/votacoes/2318736-54,2022-08-03,2022-08-03T12:26:03,PLEN,https://dadosabertos.camara.leg.br/api/v2/orgaos/180,https://dadosabertos.camara.leg.br/api/v2/eventos/66282,,,Rejeitada a Emenda de Comissão n° 100. Sim: 63; não: 325; total: 388.,0.0
146,2318736-49,https://dadosabertos.camara.leg.br/api/v2/votacoes/2318736-49,2022-08-03,2022-08-03T12:02:58,PLEN,https://dadosabertos.camara.leg.br/api/v2/orgaos/180,https://dadosabertos.camara.leg.br/api/v2/eventos/66282,,,"Aprovada a Medida Provisória nº 1.108 de 2022, na forma do Projeto de Lei de Conversão, ressalvados os destaques. Sim: 248; não: 159; total: 407.",1.0
147,2318736-47,https://dadosabertos.camara.leg.br/api/v2/votacoes/2318736-47,2022-08-03,2022-08-03T11:47:35,PLEN,https://dadosabertos.camara.leg.br/api/v2/orgaos/180,https://dadosabertos.camara.leg.br/api/v2/eventos/66282,,,"Aprovado, em apreciação preliminar, o Parecer da Comissão Mista, na parte em que manifesta opinião pelo não atendimento dos pressupostos constitucionais de relevância e urgência e pela inadequação financeira e orçamentária, nos termos do artigo 8º da Resolução nº 01, de 2002-CN.",1.0
148,2318736-46,https://dadosabertos.camara.leg.br/api/v2/votacoes/2318736-46,2022-08-03,2022-08-03T11:47:07,PLEN,https://dadosabertos.camara.leg.br/api/v2/orgaos/180,https://dadosabertos.camara.leg.br/api/v2/eventos/66282,,,"Aprovado, em apreciação preliminar, o Parecer da Comissão Mista, na parte em que manifesta opinião favorável quanto ao atendimento dos pressupostos constitucionais de relevância e urgência e à adequação financeira e orçamentária, nos termos do artigo 8º da Resolução nº 01, de 2002-CN.",1.0
149,2319163-26,https://dadosabertos.camara.leg.br/api/v2/votacoes/2319163-26,2022-08-03,2022-08-03T10:56:39,CE,https://dadosabertos.camara.leg.br/api/v2/orgaos/2009,https://dadosabertos.camara.leg.br/api/v2/eventos/66173,,,Aprovado o Parecer.,1.0
150,2331843-2,https://dadosabertos.camara.leg.br/api/v2/votacoes/2331843-2,2022-08-03,2022-08-03T10:35:20,CREDN,https://dadosabertos.camara.leg.br/api/v2/orgaos/2018,https://dadosabertos.camara.leg.br/api/v2/eventos/66241,,,Subscrito pelo Deputado Coronel Armando. Aprovado o Requerimento.,1.0
151,2333095-4,https://dadosabertos.camara.leg.br/api/v2/votacoes/2333095-4,2022-08-03,2022-08-03T10:24:44,CDEICS,https://dadosabertos.camara.leg.br/api/v2/orgaos/2008,https://dadosabertos.camara.leg.br/api/v2/eventos/66203,REQ 33/2022 CDEICS,https://dadosabertos.camara.leg.br/api/v2/proposicoes/2333095,Aprovado.,1.0
152,2198832-33,https://dadosabertos.camara.leg.br/api/v2/votacoes/2198832-33,2022-08-03,2022-08-03T10:12:43,CREDN,https://dadosabertos.camara.leg.br/api/v2/orgaos/2018,https://dadosabertos.camara.leg.br/api/v2/eventos/66241,,,Aprovado o Parecer.,1.0
153,2303548-29,https://dadosabertos.camara.leg.br/api/v2/votacoes/2303548-29,2022-08-03,2022-08-03T10:12:08,CE,https://dadosabertos.camara.leg.br/api/v2/orgaos/2009,https://dadosabertos.camara.leg.br/api/v2/eventos/66173,,,Rejeitado o Requerimento de Retirada de Pauta com o voto contrário do Deputado Tiago Mitraud.,0.0
154,2332346-2,https://dadosabertos.camara.leg.br/api/v2/votacoes/2332346-2,2022-08-03,2022-08-03T10:08:59,CDEICS,https://dadosabertos.camara.leg.br/api/v2/orgaos/2008,https://dadosabertos.camara.leg.br/api/v2/eventos/66203,REQ 32/2022 CDEICS,https://dadosabertos.camara.leg.br/api/v2/proposicoes/2332346,Aprovado.,1.0
155,2331882-3,https://dadosabertos.camara.leg.br/api/v2/votacoes/2331882-3,2022-08-03,2022-08-03T10:08:38,CDEICS,https://dadosabertos.camara.leg.br/api/v2/orgaos/2008,https://dadosabertos.camara.leg.br/api/v2/eventos/66203,REQ 31/2022 CDEICS,https://dadosabertos.camara.leg.br/api/v2/proposicoes/2331882,Aprovado.,1.0
156,2333129-2,https://dadosabertos.camara.leg.br/api/v2/votacoes/2333129-2,2022-08-03,2022-08-03T10:02:43,CE,https://dadosabertos.camara.leg.br/api/v2/orgaos/2009,https://dadosabertos.camara.leg.br/api/v2/eventos/66173,REQ 85/2022 CE,https://dadosabertos.camara.leg.br/api/v2/proposicoes/2333129,Aprovado.,1.0
157,2332702-2,https://dadosabertos.camara.leg.br/api/v2/votacoes/2332702-2,2022-08-03,2022-08-03T10:02:43,CE,https://dadosabertos.camara.leg.br/api/v2/orgaos/2009,https://dadosabertos.camara.leg.br/api/v2/eventos/66173,REQ 84/2022 CE,https://dadosabertos.camara.leg.br/api/v2/proposicoes/2332702,Aprovado.,1.0
158,2332661-2,https://dadosabertos.camara.leg.br/api/v2/votacoes/2332661-2,2022-08-03,2022-08-03T10:02:43,CE,https://dadosabertos.camara.leg.br/api/v2/orgaos/2009,https://dadosabertos.camara.leg.br/api/v2/eventos/66173,REQ 83/2022 CE,https://dadosabertos.camara.leg.br/api/v2/proposicoes/2332661,Aprovado.,1.0
159,2332182-3,https://dadosabertos.camara.leg.br/api/v2/votacoes/2332182-3,2022-08-03,2022-08-03T10:02:43,CE,https://dadosabertos.camara.leg.br/api/v2/orgaos/2009,https://dadosabertos.camara.leg.br/api/v2/eventos/66173,REQ 75/2022 CE,https://dadosabertos.camara.leg.br/api/v2/proposicoes/2332182,Aprovado.,1.0
160,2332180-3,https://dadosabertos.camara.leg.br/api/v2/votacoes/2332180-3,2022-08-03,2022-08-03T10:02:42,CE,https://dadosabertos.camara.leg.br/api/v2/orgaos/2009,https://dadosabertos.camara.leg.br/api/v2/eventos/66173,REQ 74/2022 CE,https://dadosabertos.camara.leg.br/api/v2/proposicoes/2332180,Aprovado.,1.0
161,2332178-3,https://dadosabertos.camara.leg.br/api/v2/votacoes/2332178-3,2022-08-03,2022-08-03T10:02:42,CE,https://dadosabertos.camara.leg.br/api/v2/orgaos/2009,https://dadosabertos.camara.leg.br/api/v2/eventos/66173,REQ 73/2022 CE,https://dadosabertos.camara.leg.br/api/v2/proposicoes/2332178,Aprovado.,1.0
162,2329967-5,https://dadosabertos.camara.leg.br/api/v2/votacoes/2329967-5,2022-08-03,2022-08-03T10:02:42,CE,https://dadosabertos.camara.leg.br/api/v2/orgaos/2009,https://dadosabertos.camara.leg.br/api/v2/eventos/66173,,,Aprovado.,1.0
163,2320266-76,https://dadosabertos.camara.leg.br/api/v2/votacoes/2320266-76,2022-08-02,2022-08-02T23:35:07,PLEN,https://dadosabertos.camara.leg.br/api/v2/orgaos/180,https://dadosabertos.camara.leg.br/api/v2/eventos/66273,,,"Aprovada a Redação Final assinada pelo Relator, Dep. Silas Câmara (REPUBLICANOS/AM).",1.0
164,2320266-74,https://dadosabertos.camara.leg.br/api/v2/votacoes/2320266-74,2022-08-02,2022-08-02T23:34:31,PLEN,https://dadosabertos.camara.leg.br/api/v2/orgaos/180,https://dadosabertos.camara.leg.br/api/v2/eventos/66273,,,Rejeitada a Emenda de Comissão n° 42. Sim: 131; não: 264; total: 395.,0.0
165,2320266-69,https://dadosabertos.camara.leg.br/api/v2/votacoes/2320266-69,2022-08-02,2022-08-02T23:23:58,PLEN,https://dadosabertos.camara.leg.br/api/v2/orgaos/180,https://dadosabertos.camara.leg.br/api/v2/eventos/66273,,,Mantido o texto. Sim: 296; não: 94; total: 390.,
166,2320266-66,https://dadosabertos.camara.leg.br/api/v2/votacoes/2320266-66,2022-08-02,2022-08-02T23:15:41,PLEN,https://dadosabertos.camara.leg.br/api/v2/orgaos/180,https://dadosabertos.camara.leg.br/api/v2/eventos/66273,,,Rejeitada a Emenda de Plenário n° 5. Sim: 191; não: 207; abstenção: 1; total: 399.,0.0
167,2320266-62,https://dadosabertos.camara.leg.br/api/v2/votacoes/2320266-62,2022-08-02,2022-08-02T23:02:10,PLEN,https://dadosabertos.camara.leg.br/api/v2/orgaos/180,https://dadosabertos.camara.leg.br/api/v2/eventos/66273,,,Mantido o texto. Sim: 286; não: 124; total: 410.,
168,2320266-59,https://dadosabertos.camara.leg.br/api/v2/votacoes/2320266-59,2022-08-02,2022-08-02T22:51:07,PLEN,https://dadosabertos.camara.leg.br/api/v2/orgaos/180,https://dadosabertos.camara.leg.br/api/v2/eventos/66273,,,Rejeitada a Emenda de Plenário nº 4. Sim: 132; não: 239; total: 371.,0.0
169,2320266-57,https://dadosabertos.camara.leg.br/api/v2/votacoes/2320266-57,2022-08-02,2022-08-02T22:45:43,PLEN,https://dadosabertos.camara.leg.br/api/v2/orgaos/180,https://dadosabertos.camara.leg.br/api/v2/eventos/66273,,,Rejeitada a Emenda de Comissão nº 17. Sim: 119; não: 251; abstenção: 2; total: 372.,0.0
170,2320266-52,https://dadosabertos.camara.leg.br/api/v2/votacoes/2320266-52,2022-08-02,2022-08-02T22:38:14,PLEN,https://dadosabertos.camara.leg.br/api/v2/orgaos/180,https://dadosabertos.camara.leg.br/api/v2/eventos/66273,,,Mantido o texto. Sim: 200; não: 130; total: 330.,
171,2320266-49,https://dadosabertos.camara.leg.br/api/v2/votacoes/2320266-49,2022-08-02,2022-08-02T22:31:56,PLEN,https://dadosabertos.camara.leg.br/api/v2/orgaos/180,https://dadosabertos.camara.leg.br/api/v2/eventos/66273,,,Rejeitadas as Emendas de Plenário.,0.0
172,2320266-47,https://dadosabertos.camara.leg.br/api/v2/votacoes/2320266-47,2022-08-02,2022-08-02T22:30:37,PLEN,https://dadosabertos.camara.leg.br/api/v2/orgaos/180,https://dadosabertos.camara.leg.br/api/v2/eventos/66273,,,"Aprovada a Medida Provisória nº 1.113, de 2022, na forma do Projeto de Lei de Conversão, ressalvados os destaques. Sim: 381; não: 8; total: 389.",1.0
173,2320266-45,https://dadosabertos.camara.leg.br/api/v2/votacoes/2320266-45,2022-08-02,2022-08-02T22:23:47,PLEN,https://dadosabertos.camara.leg.br/api/v2/orgaos/180,https://dadosabertos.camara.leg.br/api/v2/eventos/66273,,,"Aprovado, em apreciação preliminar, o Parecer da Comissão Mista, na parte em que manifesta opinião pelo não atendimento dos pressupostos constitucionais de relevância e urgência e pela inadequação financeira e orçamentária, nos termos do artigo 8º da Resolução nº 01, de 2002-CN.",1.0
174,2320266-44,https://dadosabertos.camara.leg.br/api/v2/votacoes/2320266-44,2022-08-02,2022-08-02T22:23:38,PLEN,https://dadosabertos.camara.leg.br/api/v2/orgaos/180,https://dadosabertos.camara.leg.br/api/v2/eventos/66273,,,"Aprovado, em apreciação preliminar, o Parecer da Comissão Mista, na parte em que manifesta opinião favorável quanto ao atendimento dos pressupostos constitucionais de relevância e urgência e à adequação financeira e orçamentária, nos termos do artigo 8º da Resolução nº 01, de 2002-CN.",1.0
175,2318737-75,https://dadosabertos.camara.leg.br/api/v2/votacoes/2318737-75,2022-08-02,2022-08-02T21:50:37,PLEN,https://dadosabertos.camara.leg.br/api/v2/orgaos/180,https://dadosabertos.camara.leg.br/api/v2/eventos/66273,,,"Aprovada a Redação Final assinada pelo Relator, Dep. Sanderson (PL-RS).",1.0
176,2318737-73,https://dadosabertos.camara.leg.br/api/v2/votacoes/2318737-73,2022-08-02,2022-08-02T21:50:09,PLEN,https://dadosabertos.camara.leg.br/api/v2/orgaos/180,https://dadosabertos.camara.leg.br/api/v2/eventos/66273,,,Mantido o texto. Sim: 226 ; não: 113; total: 339.,
177,2318737-69,https://dadosabertos.camara.leg.br/api/v2/votacoes/2318737-69,2022-08-02,2022-08-02T21:41:08,PLEN,https://dadosabertos.camara.leg.br/api/v2/orgaos/180,https://dadosabertos.camara.leg.br/api/v2/eventos/66273,,,Mantido o texto. Sim: 226; não: 98; total: 324.,
178,2318737-66,https://dadosabertos.camara.leg.br/api/v2/votacoes/2318737-66,2022-08-02,2022-08-02T21:33:37,PLEN,https://dadosabertos.camara.leg.br/api/v2/orgaos/180,https://dadosabertos.camara.leg.br/api/v2/eventos/66273,,,Mantido o texto. Sim: 254 ; não: 113; total: 367.,
179,2318737-63,https://dadosabertos.camara.leg.br/api/v2/votacoes/2318737-63,2022-08-02,2022-08-02T21:22:02,PLEN,https://dadosabertos.camara.leg.br/api/v2/orgaos/180,https://dadosabertos.camara.leg.br/api/v2/eventos/66273,,,Rejeitada a Emenda de Comissão nº 94. Sim: 136; não: 252; total: 388.,0.0
180,2318737-60,https://dadosabertos.camara.leg.br/api/v2/votacoes/2318737-60,2022-08-02,2022-08-02T21:07:50,PLEN,https://dadosabertos.camara.leg.br/api/v2/orgaos/180,https://dadosabertos.camara.leg.br/api/v2/eventos/66273,,,Rejeitada a Emenda de Comissão nº 137. Sim: 127; não: 285; total: 412.,0.0
181,2318737-57,https://dadosabertos.camara.leg.br/api/v2/votacoes/2318737-57,2022-08-02,2022-08-02T20:53:30,PLEN,https://dadosabertos.camara.leg.br/api/v2/orgaos/180,https://dadosabertos.camara.leg.br/api/v2/eventos/66273,,,Rejeitada a Emenda de Comissão nº 85. Sim: 33; não: 370; total: 403.,0.0
182,2318737-55,https://dadosabertos.camara.leg.br/api/v2/votacoes/2318737-55,2022-08-02,2022-08-02T20:43:48,PLEN,https://dadosabertos.camara.leg.br/api/v2/orgaos/180,https://dadosabertos.camara.leg.br/api/v2/eventos/66273,,,Rejeitadas as Emendas de Comissão.,0.0
183,2318737-53,https://dadosabertos.camara.leg.br/api/v2/votacoes/2318737-53,2022-08-02,2022-08-02T20:43:00,PLEN,https://dadosabertos.camara.leg.br/api/v2/orgaos/180,https://dadosabertos.camara.leg.br/api/v2/eventos/66273,,,"Aprovada a Medida Provisória nº 1.109, de 2022, ressalvados os destaques. Sim: 249; não: 111; total: 360.",1.0
184,2318737-51,https://dadosabertos.camara.leg.br/api/v2/votacoes/2318737-51,2022-08-02,2022-08-02T20:37:10,PLEN,https://dadosabertos.camara.leg.br/api/v2/orgaos/180,https://dadosabertos.camara.leg.br/api/v2/eventos/66273,,,"Aprovado, em apreciação preliminar, o Parecer da Comissão Mista, na parte em que manifesta opinião pelo não atendimento dos pressupostos constitucionais de relevância e urgência e pela inadequação financeira e orçamentária, nos termos do artigo 8º da Resolução nº 01, de 2002-CN. Sim: 291; não: 124; total: 415.",1.0
185,2318737-50,https://dadosabertos.camara.leg.br/api/v2/votacoes/2318737-50,2022-08-02,2022-08-02T20:23:39,PLEN,https://dadosabertos.camara.leg.br/api/v2/orgaos/180,https://dadosabertos.camara.leg.br/api/v2/eventos/66273,,,"Aprovado, em apreciação preliminar, o Parecer da Comissão Mista, na parte em que manifesta opinião favorável quanto ao atendimento dos pressupostos constitucionais de relevância e urgência e à adequação financeira e orçamentária, nos termos do artigo 8º da Resolução nº 01, de 2002-CN. Sim: 312; não: 114; total: 426.",1.0
186,2318737-46,https://dadosabertos.camara.leg.br/api/v2/votacoes/2318737-46,2022-08-02,2022-08-02T19:46:00,PLEN,https://dadosabertos.camara.leg.br/api/v2/orgaos/180,https://dadosabertos.camara.leg.br/api/v2/eventos/66273,,,Rejeitado o Requerimento. Sim: 44; não: 300; abstenção: 1; total: 345.,0.0
187,2318737-41,https://dadosabertos.camara.leg.br/api/v2/votacoes/2318737-41,2022-08-02,2022-08-02T19:17:55,PLEN,https://dadosabertos.camara.leg.br/api/v2/orgaos/180,https://dadosabertos.camara.leg.br/api/v2/eventos/66273,,,Rejeitado o Requerimento. Sim: 92; não: 269; abstenção: 1; total: 362.,0.0
188,2318737-36,https://dadosabertos.camara.leg.br/api/v2/votacoes/2318737-36,2022-08-02,2022-08-02T18:45:15,PLEN,https://dadosabertos.camara.leg.br/api/v2/orgaos/180,https://dadosabertos.camara.leg.br/api/v2/eventos/66273,,,Rejeitado o Requerimento. Sim: 38; não: 234; abstenção: 1; total: 273.,0.0
189,2319129-87,https://dadosabertos.camara.leg.br/api/v2/votacoes/2319129-87,2022-08-02,2022-08-02T18:19:09,PLEN,https://dadosabertos.camara.leg.br/api/v2/orgaos/180,https://dadosabertos.camara.leg.br/api/v2/eventos/66273,,,"Aprovada a Redação Final assinada pelo Relator, Dep. Da Vitoria (PP-ES).",1.0
190,2319129-85,https://dadosabertos.camara.leg.br/api/v2/votacoes/2319129-85,2022-08-02,2022-08-02T18:17:44,PLEN,https://dadosabertos.camara.leg.br/api/v2/orgaos/180,https://dadosabertos.camara.leg.br/api/v2/eventos/66273,,,Rejeitada a Emenda de Comissão nº 64. Sim: 88; não: 343; total: 431.,0.0
191,2319129-81,https://dadosabertos.camara.leg.br/api/v2/votacoes/2319129-81,2022-08-02,2022-08-02T17:56:38,PLEN,https://dadosabertos.camara.leg.br/api/v2/orgaos/180,https://dadosabertos.camara.leg.br/api/v2/eventos/66273,,,Rejeitada a Emenda de Plenário nº 1. Sim: 128; não: 264; total: 392.,0.0
192,2319129-76,https://dadosabertos.camara.leg.br/api/v2/votacoes/2319129-76,2022-08-02,2022-08-02T17:44:26,PLEN,https://dadosabertos.camara.leg.br/api/v2/orgaos/180,https://dadosabertos.camara.leg.br/api/v2/eventos/66273,,,Rejeitada a Emenda de Plenário n. 3. Sim: 33.; não: 261; total: 294.,0.0
193,2319129-74,https://dadosabertos.camara.leg.br/api/v2/votacoes/2319129-74,2022-08-02,2022-08-02T17:40:28,PLEN,https://dadosabertos.camara.leg.br/api/v2/orgaos/180,https://dadosabertos.camara.leg.br/api/v2/eventos/66273,,,Mantido o texto. Sim: 248; não: 110; total: 358.,
194,2319129-71,https://dadosabertos.camara.leg.br/api/v2/votacoes/2319129-71,2022-08-02,2022-08-02T17:31:40,PLEN,https://dadosabertos.camara.leg.br/api/v2/orgaos/180,https://dadosabertos.camara.leg.br/api/v2/eventos/66273,,,Rejeitada a Emenda de Comissão nº 22. Sim: 75; não: 325; total: 400.,0.0
195,2319129-70,https://dadosabertos.camara.leg.br/api/v2/votacoes/2319129-70,2022-08-02,2022-08-02T17:19:13,PLEN,https://dadosabertos.camara.leg.br/api/v2/orgaos/180,https://dadosabertos.camara.leg.br/api/v2/eventos/66273,,,Rejeitada a Emenda de Comissão nº 66. Sim: 175; não: 235; total: 410.,0.0
196,2319129-62,https://dadosabertos.camara.leg.br/api/v2/votacoes/2319129-62,2022-08-02,2022-08-02T17:03:04,PLEN,https://dadosabertos.camara.leg.br/api/v2/orgaos/180,https://dadosabertos.camara.leg.br/api/v2/eventos/66273,,,Mantido o texto. Sim: 249; não: 135; total: 384.,
197,2319129-58,https://dadosabertos.camara.leg.br/api/v2/votacoes/2319129-58,2022-08-02,2022-08-02T16:53:22,PLEN,https://dadosabertos.camara.leg.br/api/v2/orgaos/180,https://dadosabertos.camara.leg.br/api/v2/eventos/66273,,,Suprimido o texto. Sim: 60; não: 344; total: 404.,
198,2319129-57,https://dadosabertos.camara.leg.br/api/v2/votacoes/2319129-57,2022-08-02,2022-08-02T16:44:02,PLEN,https://dadosabertos.camara.leg.br/api/v2/orgaos/180,https://dadosabertos.camara.leg.br/api/v2/eventos/66273,,,Rejeitada a Emenda de Plenário nº 4. Sim: 136; não: 271; total: 407.,0.0
199,2319129-54,https://dadosabertos.camara.leg.br/api/v2/votacoes/2319129-54,2022-08-02,2022-08-02T16:31:50,PLEN,https://dadosabertos.camara.leg.br/api/v2/orgaos/180,https://dadosabertos.camara.leg.br/api/v2/eventos/66273,,,Rejeitadas as Emendas de Plenário.,0.0
